{"totalTrainableParameters": 6514465, "totalParameters": 6514465, "totalTrainingTime": 21955.81217598915, "avgTrainLossList": [0.36583542394439156, 0.26838350184940585, 0.23169020982975236, 0.20074624895990126, 0.17148605282461143, 0.14957892433602393, 0.13049398997511508, 0.11607634745117974, 0.1047933486463104, 0.096690071955523, 0.08695120683998811, 0.0833068239256645, 0.07864527731115839, 0.07275995189873777, 0.0686504678680948, 0.06596738027998367, 0.06267983099254047, 0.05830967401916274, 0.059507349215100626, 0.055604446397943, 0.053265520747806196, 0.05498594504956988, 0.050029617644843656, 0.050340355850886975, 0.05082296526329864], "trainScoreList": [0.8349313078487528, 0.8857551986054041, 0.903187647864525, 0.917237371850745, 0.930290955879301, 0.9396297679824015, 0.9484705101066699, 0.9535964803054829, 0.9586394388411572, 0.9624372224297514, 0.9660897356078529, 0.9677499688706264, 0.9694309550491844, 0.9724608807537459, 0.9737475615323953, 0.9741626198480886, 0.9755323122898767, 0.9776906155314822, 0.9769642634790188, 0.9787282613207156, 0.9785207321628688, 0.9777943801104055, 0.9795376250363176, 0.980139459594073, 0.9796413896152409], "avgDevLossList": [0.3440761091510845, 0.33356626219583946, 0.33509977799111434, 0.3574253761776148, 0.3822585457512656, 0.40067887072010455, 0.4303381994181235, 0.4510799100684745, 0.4596418781692715, 0.4883305362883782, 0.5477676816289536, 0.5501344202387621, 0.5783812954446109, 0.5771084019149451, 0.5857546243623885, 0.5971896990343255, 0.6048068413175471, 0.6665704648480668, 0.647126245904609, 0.6876723496212862, 0.693509467224241, 0.6875292859830026, 0.7169947571120546, 0.744704423266138, 0.7292128577291692], "devScoreList": [0.8467583497053045, 0.852324819908317, 0.8549443352979699, 0.8513425016371972, 0.8510150622134905, 0.8500327439423707, 0.8379174852652259, 0.8467583497053045, 0.852324819908317, 0.8542894564505567, 0.8477406679764243, 0.852324819908317, 0.8490504256712508, 0.8552717747216765, 0.8559266535690897, 0.8500327439423707, 0.8529796987557302, 0.8461034708578913, 0.8398821218074656, 0.8434839554682384, 0.843811394891945, 0.8457760314341847, 0.8519973804846104, 0.8379174852652259, 0.8506876227897839]}