{"totalTrainableParameters": 6514465, "totalParameters": 6514465, "totalTrainingTime": 8500.861960411072, "avgTrainLossList": [0.3491589732639536, 0.1992947471141119, 0.16196095276091904, 0.12840761646887666, 0.10330516664270178, 0.08181215266187128, 0.06834294168167857, 0.05443344883682515, 0.04343260220576847, 0.039585444171768645, 0.03197751259495412, 0.030537235166328915, 0.02817941077934948, 0.02660646516549995, 0.02365275196725435, 0.0203623022735617, 0.01883105551955711, 0.018708712783750112, 0.017426798547382407, 0.016595006148967337, 0.014083637995841175, 0.015142921235446728, 0.015744161634694758, 0.018222680634834308, 0.01316320391278964], "trainScoreList": [0.8620226556113512, 0.9217563937872241, 0.9367628167698236, 0.9501342987270817, 0.9621044026626182, 0.9691696835221301, 0.9734322083381992, 0.9803223169449959, 0.9837089804974892, 0.9853439215228308, 0.988555412822609, 0.988555412822609, 0.9898984000934252, 0.9917085133714819, 0.9914749503678617, 0.9925843746350578, 0.9934018451477286, 0.9936354081513489, 0.9946280509167348, 0.9941609249094944, 0.9951535676748803, 0.9952119584257854, 0.9944528786640197, 0.9931098913932033, 0.9955039121803106], "avgDevLossList": [0.24685642927684656, 0.21218982003951278, 0.22129694208517084, 0.23242591002260002, 0.2425666941002398, 0.2603553340025067, 0.28421097512891036, 0.2783595356771742, 0.3279771835728406, 0.3547831399296478, 0.3589669587403736, 0.3648767706067601, 0.35566038792231813, 0.35308556586475354, 0.38327826603917864, 0.39354238936124686, 0.3983909492877444, 0.455459421924624, 0.4177609520618098, 0.4146469546326299, 0.4390420075452293, 0.4293154452879995, 0.4497947372231314, 0.49080066412944956, 0.44897337771744594], "devScoreList": [0.9039385206532181, 0.9173871277617676, 0.9173871277617676, 0.9193083573487032, 0.9193083573487032, 0.920749279538905, 0.9188280499519692, 0.9154658981748319, 0.9121037463976945, 0.9159462055715658, 0.9193083573487032, 0.9188280499519692, 0.9173871277617676, 0.9193083573487032, 0.9241114313160422, 0.920749279538905, 0.9149855907780979, 0.9188280499519692, 0.9154658981748319, 0.9164265129682997, 0.9183477425552353, 0.9183477425552353, 0.9159462055715658, 0.9188280499519692, 0.920268972142171]}