{"split_0": 0.5405405405405405, "split_1": 0.6790123456790123, "split_2": 0.5625, "split_3": 0.909090909090909, "split_4": 0.6338028169014084, "mean_outer_folds_score": 0.664989322442374, "std_outer_folds_score": 0.1317166568391646}