{"split_0": 0.8333333333333334, "split_1": 0.8045977011494253, "split_2": 0.7500000000000001, "split_3": 0.8333333333333334, "split_4": 0.8783783783783786, "mean_outer_folds_score": 0.8199285492388941, "std_outer_folds_score": 0.042191932644691184}