{"totalTrainableParameters": 6518308, "totalParameters": 6518308, "totalTrainingTime": 6426.738664627075, "avgTrainLossList": [0.9165331675012812, 0.6125363874386297, 0.5018939392505083, 0.42891978500459627, 0.36903441248954355, 0.31206556490492116, 0.27385813747954113, 0.23014889913290046, 0.19620442698432292, 0.17262789150730973, 0.15155401486265127, 0.13529776743652894, 0.11952819517551011, 0.10758548342949201, 0.09631440827124356, 0.08912589107305732, 0.0868285453948757, 0.08239610540420927, 0.08023360420598868, 0.07723256212951907, 0.07655670784471681, 0.07631212455910044, 0.07477708447846809, 0.07469813232034808, 0.0783604343883359], "trainScoreList": [0.6520050721191948, 0.7630369313678872, 0.8077349817720716, 0.8346806149944523, 0.8616262482168331, 0.8824694880329688, 0.897368838167697, 0.9148834997622444, 0.9291488349976225, 0.9371532731019179, 0.9476937708036138, 0.9518941195118086, 0.9589475352670788, 0.9623553653510858, 0.9663179584720241, 0.9702012997305437, 0.9720240925661753, 0.9736091298145506, 0.9724203518782691, 0.9746394040259946, 0.9744809003011571, 0.9747186558884133, 0.9728958630527818, 0.9751149152005072, 0.9723411000158504], "avgDevLossList": [0.718678237753636, 0.6325052135644452, 0.5958841943081266, 0.6033465740057974, 0.6129472079172282, 0.6387038576205248, 0.6552942336527092, 0.7059826645257514, 0.7072533529109349, 0.734181453000248, 0.790935668448688, 0.796947209208452, 0.8241297052195636, 0.8592662516408475, 0.8604041674546443, 0.8694056486870042, 0.8659648352080579, 0.8679132919373601, 0.8668448042345784, 0.8713836669921875, 0.8766141911654864, 0.8800417571847666, 0.8804769865180342, 0.8812121770748577, 0.888586219682065], "devScoreList": [0.725793327908869, 0.7575264442636289, 0.7843775427176566, 0.7786818551668023, 0.7762408462164361, 0.7648494711147275, 0.7697314890154597, 0.7754271765663141, 0.7721724979658259, 0.7721724979658259, 0.7648494711147275, 0.7648494711147275, 0.7599674532139952, 0.7591537835638731, 0.7615947925142392, 0.7632221318144833, 0.7615947925142392, 0.7640358014646054, 0.7681041497152156, 0.7681041497152156, 0.7672904800650936, 0.7664768104149715, 0.7615947925142392, 0.7640358014646054, 0.7624084621643613]}