params,featurization,split0_test_score,split1_test_score,split2_test_score,split3_test_score,split4_test_score,mean_test_score,std_test_score
{'classifier__alpha': 1},unigram,0.8870967741935484,0.6716417910447761,0.6140350877192983,0.7377049180327869,0.9322033898305083,0.7685363921641837,0.1225179553456822
{'classifier__alpha': 10},unigram,0.10204081632653061,0.27272727272727276,0.19999999999999996,0.19999999999999996,0.19999999999999996,0.19495361781076065,0.054328497123186215
{'classifier__alpha': 100},unigram,0.0,0.0,0.0,0.0,0.0,0.0,0.0
{'classifier__alpha': 1},bigram,0.847457627118644,0.634920634920635,0.6034482758620691,0.5357142857142857,0.7758620689655173,0.6794805785162301,0.11483982508220286
{'classifier__alpha': 10},bigram,0.19999999999999996,0.27272727272727276,0.3846153846153846,0.29411764705882354,0.29411764705882354,0.2891155902920609,0.05895831959155513
{'classifier__alpha': 100},bigram,0.0,0.0,0.0,0.0,0.0,0.0,0.0
{'classifier__alpha': 1},TFIDF,0.10204081632653061,0.3571428571428572,0.29411764705882354,0.19607843137254902,0.3846153846153846,0.26679902730322896,0.10481953958950663
{'classifier__alpha': 10},TFIDF,0.0,0.0,0.0,0.0,0.0,0.0,0.0
{'classifier__alpha': 100},TFIDF,0.0,0.0,0.0,0.0,0.0,0.0,0.0
