{"Logistic Regression": {"mean_outer_folds_score": 0.8042219656788424, "std_outer_folds_score": 0.08594968738561534}, "Random Forest": {"mean_outer_folds_score": 0.588178634452419, "std_outer_folds_score": 0.13226958480509757}, "Decision Tree": {"mean_outer_folds_score": 0.664989322442374, "std_outer_folds_score": 0.1317166568391646}, "Multinomial Naive Bayes": {"mean_outer_folds_score": 0.7611178758667343, "std_outer_folds_score": 0.04622352505393537}, "K-Nearest Neighbors": {"mean_outer_folds_score": 0.5220859231431, "std_outer_folds_score": 0.06437021990897389}, "Support Vector Machine": {"mean_outer_folds_score": 0.8199285492388941, "std_outer_folds_score": 0.042191932644691184}}