{"split_0": 0.6944444444444444, "split_1": 0.8024691358024691, "split_2": 0.7333333333333333, "split_3": 0.8219178082191783, "split_4": 0.7534246575342466, "mean_outer_folds_score": 0.7611178758667343, "std_outer_folds_score": 0.04622352505393537}