params,featurization,split0_test_score,split1_test_score,split2_test_score,split3_test_score,split4_test_score,mean_test_score,std_test_score
{'classifier__alpha': 1},unigram,1.0,0.7627118644067796,0.5645161290322581,0.7017543859649122,0.7017543859649122,0.7461473530737724,0.14258115022079793
{'classifier__alpha': 10},unigram,0.19999999999999996,0.0,0.09433962264150944,0.0,0.0,0.058867924528301876,0.07946420792884448
{'classifier__alpha': 100},unigram,0.0,0.0,0.0,0.0,0.0,0.0,0.0
{'classifier__alpha': 1},bigram,0.9166666666666666,0.6140350877192983,0.5084745762711864,0.4545454545454546,0.6034482758620691,0.6194340122129349,0.1600825886223432
{'classifier__alpha': 10},bigram,0.29411764705882354,0.10204081632653061,0.18518518518518517,0.10204081632653061,0.19999999999999996,0.17667689297941397,0.07148395197855671
{'classifier__alpha': 100},bigram,0.0,0.0,0.0,0.0,0.0,0.0,0.0
{'classifier__alpha': 1},TFIDF,0.29411764705882354,0.10204081632653061,0.3571428571428572,0.0,0.19999999999999996,0.19066026410564224,0.1286171507785804
{'classifier__alpha': 10},TFIDF,0.0,0.0,0.0,0.0,0.0,0.0,0.0
{'classifier__alpha': 100},TFIDF,0.0,0.0,0.0,0.0,0.0,0.0,0.0
