{"split_0": 0.8227848101265822, "split_1": 0.8235294117647058, "split_2": 0.6493506493506495, "split_3": 0.9146341463414633, "split_4": 0.8108108108108109, "mean_outer_folds_score": 0.8042219656788424, "std_outer_folds_score": 0.08594968738561534}