{"split_0": 0.3571428571428571, "split_1": 0.569620253164557, "split_2": 0.6338028169014084, "split_3": 0.7638888888888888, "split_4": 0.6164383561643836, "mean_outer_folds_score": 0.588178634452419, "std_outer_folds_score": 0.13226958480509757}