{"split_0": 0.4794520547945205, "split_1": 0.44871794871794873, "split_2": 0.4861111111111111, "split_3": 0.5797101449275363, "split_4": 0.6164383561643836, "mean_outer_folds_score": 0.5220859231431, "std_outer_folds_score": 0.06437021990897389}