{"Logistic Regression": {"split_0": 0.8227848101265822, "split_1": 0.8235294117647058, "split_2": 0.6493506493506495, "split_3": 0.9146341463414633, "split_4": 0.8108108108108109, "mean_outer_folds_score": 0.8042219656788424, "std_outer_folds_score": 0.08594968738561534}, "Random Forest": {"split_0": 0.3571428571428571, "split_1": 0.569620253164557, "split_2": 0.6338028169014084, "split_3": 0.7638888888888888, "split_4": 0.6164383561643836, "mean_outer_folds_score": 0.588178634452419, "std_outer_folds_score": 0.13226958480509757}, "Decision Tree": {"split_0": 0.5405405405405405, "split_1": 0.6790123456790123, "split_2": 0.5625, "split_3": 0.909090909090909, "split_4": 0.6338028169014084, "mean_outer_folds_score": 0.664989322442374, "std_outer_folds_score": 0.1317166568391646}, "Multinomial Naive Bayes": {"split_0": 0.6944444444444444, "split_1": 0.8024691358024691, "split_2": 0.7333333333333333, "split_3": 0.8219178082191783, "split_4": 0.7534246575342466, "mean_outer_folds_score": 0.7611178758667343, "std_outer_folds_score": 0.04622352505393537}, "K-Nearest Neighbors": {"split_0": 0.4794520547945205, "split_1": 0.44871794871794873, "split_2": 0.4861111111111111, "split_3": 0.5797101449275363, "split_4": 0.6164383561643836, "mean_outer_folds_score": 0.5220859231431, "std_outer_folds_score": 0.06437021990897389}, "Support Vector Machine": {"split_0": 0.8333333333333334, "split_1": 0.8045977011494253, "split_2": 0.7500000000000001, "split_3": 0.8333333333333334, "split_4": 0.8783783783783786, "mean_outer_folds_score": 0.8199285492388941, "std_outer_folds_score": 0.042191932644691184}}