{"totalTrainableParameters": 6517027, "totalParameters": 6517027, "totalTrainingTime": 13753.423217058182, "avgTrainLossList": [0.6481964325870329, 0.496249464447752, 0.4444077163298018, 0.3994526284363332, 0.36931559859058305, 0.33458222022349227, 0.3082866109719514, 0.2820770844010513, 0.2615074464939018, 0.24131259906026342, 0.22646297896504844, 0.2164586496366199, 0.20510953680197017, 0.19523563925332743, 0.18652187791212985, 0.1780870080614053, 0.16345968423633236, 0.15575961059271065, 0.15210251548581424, 0.15130186633115905, 0.14824814107812997, 0.14889515351146673, 0.14577671834897293, 0.14149471493257995, 0.14253973350917565], "trainScoreList": [0.7360782513506833, 0.8000282495850842, 0.82269854161517, 0.841908259472439, 0.8551149404993115, 0.869239733041421, 0.8771143048836471, 0.8890850665630848, 0.8983721176595219, 0.9062820014831032, 0.9120731664253682, 0.9152865567286981, 0.9210424096896077, 0.9239026801793848, 0.9282460538860835, 0.9295525971962286, 0.9361206257283096, 0.9384159045164024, 0.9401815035841661, 0.9399343197146792, 0.9432183339807196, 0.9398636957519686, 0.9415233588756665, 0.9442776934213779, 0.9424414703909036], "avgDevLossList": [0.6537663788922066, 0.6222981450128696, 0.6330264268723209, 0.6422614910609603, 0.6583521851396139, 0.6971108371880905, 0.7456650297901976, 0.778860784209935, 0.8393614383573729, 0.8690657939179457, 0.8974337113642059, 0.951879445078802, 0.9520421717370857, 1.0221706041544236, 0.9647757381112878, 1.0851849525024053, 1.071627630948317, 1.064426590911055, 1.069670106105748, 1.073667633146663, 1.0849519465173592, 1.0899019775840737, 1.093958452387897, 1.102982771431802, 1.111868253499709], "devScoreList": [0.7289823008849557, 0.7404129793510325, 0.7363569321533924, 0.7422566371681416, 0.7466814159292036, 0.7437315634218289, 0.7389380530973452, 0.7341445427728613, 0.7267699115044248, 0.7396755162241888, 0.7352507374631269, 0.7256637168141593, 0.7300884955752213, 0.7300884955752213, 0.7230825958702065, 0.7160766961651918, 0.7227138643067846, 0.7260324483775811, 0.7260324483775811, 0.7252949852507374, 0.7245575221238938, 0.7293510324483776, 0.7271386430678466, 0.7289823008849557, 0.7260324483775811]}